ID;IDNumber;Name;StartDate;EndDate;Status;placement_ID;absorption_ID
10000000-1000-1000-1000-000000000001;9801015000080;Sipho Ndlovu;2025-01-01;2026-01-01;Absorbed;20000000-2000-2000-2000-000000000001;30000000-3000-3000-3000-000000000001
10000000-1000-1000-1000-000000000002;9902025000080;Lerato Mokoena;2025-02-01;2026-02-01;Absorbed;20000000-2000-2000-2000-000000000002;30000000-3000-3000-3000-000000000002
10000000-1000-1000-1000-000000000003;0003035000080;Thabo Baloyi;2025-03-01;2026-03-01;Absorbed;20000000-2000-2000-2000-000000000003;30000000-3000-3000-3000-000000000003
10000000-1000-1000-1000-000000000004;0104045000080;Amina Patel;2025-04-01;2026-04-01;Absorbed;20000000-2000-2000-2000-000000000004;30000000-3000-3000-3000-000000000004
10000000-1000-1000-1000-000000000005;0205055000080;Siyabonga Zwane;2025-05-01;2026-05-01;Absorbed;20000000-2000-2000-2000-000000000005;30000000-3000-3000-3000-000000000005
10000000-1000-1000-1000-000000000006;0306065000080;Thandeka Ngcobo;2025-06-01;2026-06-01;Dropped Out;20000000-2000-2000-2000-000000000006;
10000000-1000-1000-1000-000000000007;9707075000080;Kagiso Mahlangu;2025-07-01;2026-07-01;Dropped Out;20000000-2000-2000-2000-000000000007;
10000000-1000-1000-1000-000000000008;9608085000080;Refilwe Motloung;2025-08-01;2026-08-01;Dropped Out;20000000-2000-2000-2000-000000000008;
10000000-1000-1000-1000-000000000009;9509095000080;Ntsako Chauke;2025-09-01;2026-09-01;Active;20000000-2000-2000-2000-000000000009;
10000000-1000-1000-1000-000000000010;9410105000080;Dineo Mulaudzi;2025-10-01;2026-10-01;Active;20000000-2000-2000-2000-000000000010;
10000000-1000-1000-1000-000000000011;0411115000080;Katlego Nhlapo;2025-11-01;2026-11-01;Active;20000000-2000-2000-2000-000000000011;
10000000-1000-1000-1000-000000000012;0512125000080;Lindiwe Hlatshwayo;2025-12-01;2026-12-01;Active;20000000-2000-2000-2000-000000000012;
10000000-1000-1000-1000-000000000013;9801135000080;Mzwandile Buthelezi;2025-01-15;2026-01-15;Active;20000000-2000-2000-2000-000000000013;
10000000-1000-1000-1000-000000000014;9902145000080;Tshepo Mofokeng;2025-02-15;2026-02-15;Active;20000000-2000-2000-2000-000000000014;
10000000-1000-1000-1000-000000000015;0003155000080;Bheki Nzimande;2025-03-15;2026-03-15;Active;20000000-2000-2000-2000-000000000015;
10000000-1000-1000-1000-000000000016;0104165000080;Lesego Modise;2025-04-15;2026-04-15;Active;20000000-2000-2000-2000-000000000016;
10000000-1000-1000-1000-000000000017;0205175000080;Lungile Cele;2025-05-15;2026-05-15;Active;20000000-2000-2000-2000-000000000017;
10000000-1000-1000-1000-000000000018;0306185000080;Vusi Mthembu;2025-06-15;2026-06-15;Active;20000000-2000-2000-2000-000000000018;
10000000-1000-1000-1000-000000000019;9707195000080;Ayanda Radebe;2025-07-15;2026-07-15;Active;20000000-2000-2000-2000-000000000019;
10000000-1000-1000-1000-000000000020;9608205000080;Tebogo Phiri;2025-08-15;2026-08-15;Active;20000000-2000-2000-2000-000000000020;
10000000-1000-1000-1000-000000000021;9509215000080;Lebogang Makgato;2025-09-15;2026-09-15;Active;20000000-2000-2000-2000-000000000021;
10000000-1000-1000-1000-000000000022;9410225000080;Palesa Mkhize;2025-10-15;2026-10-15;Active;20000000-2000-2000-2000-000000000022;
10000000-1000-1000-1000-000000000023;0411235000080;Kabelo Motaung;2025-11-15;2026-11-15;Active;20000000-2000-2000-2000-000000000023;
10000000-1000-1000-1000-000000000024;0512245000080;Nkosinathi Gumede;2025-12-15;2026-12-15;Active;20000000-2000-2000-2000-000000000024;
10000000-1000-1000-1000-000000000025;9801255000080;Zandile Ndabandaba;2025-01-20;2026-01-20;Active;20000000-2000-2000-2000-000000000025;
10000000-1000-1000-1000-000000000026;9902265000080;Karabo Seema;2025-02-20;2026-02-20;Active;20000000-2000-2000-2000-000000000026;
10000000-1000-1000-1000-000000000027;0003275000080;Boitumelo Kgope;2025-03-20;2026-03-20;Active;20000000-2000-2000-2000-000000000027;
10000000-1000-1000-1000-000000000028;0104285000080;Xolani Maseko;2025-04-20;2026-04-20;Active;20000000-2000-2000-2000-000000000028;
10000000-1000-1000-1000-000000000029;0205295000080;Siphesihle Dube;2025-05-20;2026-05-20;Active;20000000-2000-2000-2000-000000000029;
10000000-1000-1000-1000-000000000030;0306305000080;Nokuthula Mnguni;2025-06-20;2026-06-20;Active;20000000-2000-2000-2000-000000000030;