ID;Department;Supervisor;CostCenter
20000000-2000-2000-2000-000000000001;IT Support;Thulani Dlamini;CC-1001
20000000-2000-2000-2000-000000000002;Human Resources;Nomsa Nkosi;CC-1002
20000000-2000-2000-2000-000000000003;Finance;Mandla Sithole;CC-1003
20000000-2000-2000-2000-000000000004;Marketing;Sibongile Khumalo;CC-1004
20000000-2000-2000-2000-000000000005;Operations;Kgomotso Maseko;CC-1005
20000000-2000-2000-2000-000000000006;Logistics;Bongani Ndlovu;CC-1006
20000000-2000-2000-2000-000000000007;IT Support;Palesa Modise;CC-1001
20000000-2000-2000-2000-000000000008;Human Resources;Jabulani Zwane;CC-1002
20000000-2000-2000-2000-000000000009;Finance;Naledi Phiri;CC-1003
20000000-2000-2000-2000-000000000010;Marketing;Tshepiso Baloyi;CC-1004
20000000-2000-2000-2000-000000000011;Operations;Mpho Mokoena;CC-1005
20000000-2000-2000-2000-000000000012;Logistics;Sibusiso Hadebe;CC-1006
20000000-2000-2000-2000-000000000013;IT Support;Zanele Nhlapo;CC-1001
20000000-2000-2000-2000-000000000014;Human Resources;Dumisani Cele;CC-1002
20000000-2000-2000-2000-000000000015;Finance;Gugulethu Mthembu;CC-1003
20000000-2000-2000-2000-000000000016;Marketing;Nhlanhla Radebe;CC-1004
20000000-2000-2000-2000-000000000017;Operations;Busisiwe Makgato;CC-1005
20000000-2000-2000-2000-000000000018;Logistics;Sandile Mkhize;CC-1006
20000000-2000-2000-2000-000000000019;IT Support;Nonhlanhla Motaung;CC-1001
20000000-2000-2000-2000-000000000020;Human Resources;Vusimuzi Gumede;CC-1002
20000000-2000-2000-2000-000000000021;Finance;Slindile Ndabandaba;CC-1003
20000000-2000-2000-2000-000000000022;Marketing;Kabelo Seema;CC-1004
20000000-2000-2000-2000-000000000023;Operations;Makhadzi Kgope;CC-1005
20000000-2000-2000-2000-000000000024;Logistics;Phakamani Maseko;CC-1006
20000000-2000-2000-2000-000000000025;IT Support;Nompumelelo Dube;CC-1001
20000000-2000-2000-2000-000000000026;Human Resources;Thabang Mnguni;CC-1002
20000000-2000-2000-2000-000000000027;Finance;Lethabo Modise;CC-1003
20000000-2000-2000-2000-000000000028;Marketing;Kamogelo Hlatshwayo;CC-1004
20000000-2000-2000-2000-000000000029;Operations;Olebogeng Buthelezi;CC-1005
20000000-2000-2000-2000-000000000030;Logistics;Tshegofatso Mofokeng;CC-1006