ID;youth_ID;MonthNumber;Attendance;AppModules
40000000-0000-0000-0000-000000000001;10000000-1000-1000-1000-000000000001;1;100.00;Orientation, Safety
40000000-0000-0000-0000-000000000002;10000000-1000-1000-1000-000000000001;2;98.50;Communication
40000000-0000-0000-0000-000000000003;10000000-1000-1000-1000-000000000002;1;95.00;Orientation
40000000-0000-0000-0000-000000000004;10000000-1000-1000-1000-000000000002;2;97.00;Teamwork
40000000-0000-0000-0000-000000000005;10000000-1000-1000-1000-000000000003;1;100.00;Orientation
40000000-0000-0000-0000-000000000006;10000000-1000-1000-1000-000000000003;2;100.00;Time Management
40000000-0000-0000-0000-000000000007;10000000-1000-1000-1000-000000000004;1;92.50;Orientation
40000000-0000-0000-0000-000000000008;10000000-1000-1000-1000-000000000004;2;89.00;Communication
40000000-0000-0000-0000-000000000009;10000000-1000-1000-1000-000000000005;1;99.00;Orientation
40000000-0000-0000-0000-000000000010;10000000-1000-1000-1000-000000000005;2;98.00;Ethics
40000000-0000-0000-0000-000000000011;10000000-1000-1000-1000-000000000006;1;85.00;Orientation
40000000-0000-0000-0000-000000000012;10000000-1000-1000-1000-000000000006;2;0.00;None
40000000-0000-0000-0000-000000000013;10000000-1000-1000-1000-000000000007;1;60.00;Orientation
40000000-0000-0000-0000-000000000014;10000000-1000-1000-1000-000000000007;2;0.00;None
40000000-0000-0000-0000-000000000015;10000000-1000-1000-1000-000000000008;1;45.00;Orientation
40000000-0000-0000-0000-000000000016;10000000-1000-1000-1000-000000000008;2;0.00;None
40000000-0000-0000-0000-000000000017;10000000-1000-1000-1000-000000000009;1;75.00;Orientation
40000000-0000-0000-0000-000000000018;10000000-1000-1000-1000-000000000009;2;72.00;None
40000000-0000-0000-0000-000000000019;10000000-1000-1000-1000-000000000010;1;68.50;Orientation
40000000-0000-0000-0000-000000000020;10000000-1000-1000-1000-000000000010;2;65.00;Teamwork
40000000-0000-0000-0000-000000000021;10000000-1000-1000-1000-000000000011;1;79.00;Orientation
40000000-0000-0000-0000-000000000022;10000000-1000-1000-1000-000000000011;2;78.00;Communication
40000000-0000-0000-0000-000000000023;10000000-1000-1000-1000-000000000012;1;98.00;Orientation
40000000-0000-0000-0000-000000000024;10000000-1000-1000-1000-000000000012;2;100.00;Ethics
40000000-0000-0000-0000-000000000025;10000000-1000-1000-1000-000000000013;1;100.00;Orientation
40000000-0000-0000-0000-000000000026;10000000-1000-1000-1000-000000000013;2;100.00;Safety
40000000-0000-0000-0000-000000000027;10000000-1000-1000-1000-000000000014;1;95.00;Orientation
40000000-0000-0000-0000-000000000028;10000000-1000-1000-1000-000000000014;2;92.00;Communication
40000000-0000-0000-0000-000000000029;10000000-1000-1000-1000-000000000015;1;88.00;Orientation
40000000-0000-0000-0000-000000000030;10000000-1000-1000-1000-000000000015;2;89.50;Teamwork
40000000-0000-0000-0000-000000000031;10000000-1000-1000-1000-000000000016;1;100.00;Orientation
40000000-0000-0000-0000-000000000032;10000000-1000-1000-1000-000000000016;2;99.00;Time Management
40000000-0000-0000-0000-000000000033;10000000-1000-1000-1000-000000000017;1;100.00;Orientation
40000000-0000-0000-0000-000000000034;10000000-1000-1000-1000-000000000017;2;100.00;Ethics
40000000-0000-0000-0000-000000000035;10000000-1000-1000-1000-000000000018;1;96.00;Orientation
40000000-0000-0000-0000-000000000036;10000000-1000-1000-1000-000000000018;2;98.00;Safety
40000000-0000-0000-0000-000000000037;10000000-1000-1000-1000-000000000019;1;92.00;Orientation
40000000-0000-0000-0000-000000000038;10000000-1000-1000-1000-000000000019;2;94.00;Communication
40000000-0000-0000-0000-000000000039;10000000-1000-1000-1000-000000000020;1;100.00;Orientation
40000000-0000-0000-0000-000000000040;10000000-1000-1000-1000-000000000020;2;100.00;Teamwork
40000000-0000-0000-0000-000000000041;10000000-1000-1000-1000-000000000021;1;100.00;Orientation
40000000-0000-0000-0000-000000000042;10000000-1000-1000-1000-000000000021;2;99.50;Safety
40000000-0000-0000-0000-000000000043;10000000-1000-1000-1000-000000000022;1;97.00;Orientation
40000000-0000-0000-0000-000000000044;10000000-1000-1000-1000-000000000022;2;96.00;Ethics
40000000-0000-0000-0000-000000000045;10000000-1000-1000-1000-000000000023;1;88.00;Orientation
40000000-0000-0000-0000-000000000046;10000000-1000-1000-1000-000000000023;2;92.00;Communication
40000000-0000-0000-0000-000000000047;10000000-1000-1000-1000-000000000024;1;100.00;Orientation
40000000-0000-0000-0000-000000000048;10000000-1000-1000-1000-000000000024;2;100.00;Time Management
40000000-0000-0000-0000-000000000049;10000000-1000-1000-1000-000000000025;1;94.00;Orientation
40000000-0000-0000-0000-000000000050;10000000-1000-1000-1000-000000000025;2;95.00;Teamwork
40000000-0000-0000-0000-000000000051;10000000-1000-1000-1000-000000000026;1;100.00;Orientation
40000000-0000-0000-0000-000000000052;10000000-1000-1000-1000-000000000026;2;100.00;Safety
40000000-0000-0000-0000-000000000053;10000000-1000-1000-1000-000000000027;1;91.00;Orientation
40000000-0000-0000-0000-000000000054;10000000-1000-1000-1000-000000000027;2;90.00;Ethics
40000000-0000-0000-0000-000000000055;10000000-1000-1000-1000-000000000028;1;100.00;Orientation
40000000-0000-0000-0000-000000000056;10000000-1000-1000-1000-000000000028;2;98.00;Communication
40000000-0000-0000-0000-000000000057;10000000-1000-1000-1000-000000000029;1;99.00;Orientation
40000000-0000-0000-0000-000000000058;10000000-1000-1000-1000-000000000029;2;100.00;Time Management
40000000-0000-0000-0000-000000000059;10000000-1000-1000-1000-000000000030;1;100.00;Orientation
40000000-0000-0000-0000-000000000060;10000000-1000-1000-1000-000000000030;2;100.00;Safety